budget,result q1,result q2,result q3,result q4,sens q1,sens q2,sens q3,sens q4
0.1,1.7719396268143794,9762.793918025296,1.950604559769104,11709.251837037333,4.5636285693984036e-05,4,4.19586378328507e-05,1
1.0,1.7710216675029302,9793.222573173753,1.9509585328879493,11684.782954833252,4.5636285693984036e-05,4,4.19586378328507e-05,1
10.0,1.7710586523521132,9784.778067778485,1.950695203115228,11687.814656885574,4.5636285693984036e-05,4,4.19586378328507e-05,1
