budget,result q1,result q2,result q3,result q4,sens q1,sens q2,sens q3,sens q4
0.1,1.772329214405568,10051.253459971307,1.9507019809047361,11688.111716180352,4.5636285693984036e-05,4,4.19586378328507e-05,1
1.0,1.771306222954491,9834.658270178106,1.9505431338259396,11686.580253121288,4.5636285693984036e-05,4,4.19586378328507e-05,1
10.0,1.7710438145368455,9782.45450321351,1.9507181667301636,11686.314170450338,4.5636285693984036e-05,4,4.19586378328507e-05,1
