budget,result q1,result q2,result q3,result q4,sens q1,sens q2,sens q3,sens q4
0.1,1.771345543808429,9790.319191647266,1.9507681220968855,11683.076957882007,4.563773528376558e-05,4,4.19595176048837e-05,1
1.0,1.7711714553474434,9785.965571352548,1.9507203254111412,11687.6695805678,4.563773528376558e-05,4,4.19595176048837e-05,1
10.0,1.7710739485356293,9783.854065859166,1.9506874591016121,11686.792875197243,4.563773528376558e-05,4,4.19595176048837e-05,1
